Workbook
Name _01: #REF!
Name _02: #REF!
Name _03: #REF!
Name _04: #REF!
Name _05: #REF!
Name _06: #REF!
Name _10: #REF!
Name _2: #N/A
Name _3: #N/A
Name _apt001: #REF!
Name _apt002: #REF!
Name _apt003: #REF!
Name _apt1: #REF!
Name _APT101: #REF!
Name _APT102: #REF!
Name _APT103: #REF!
Name _APT104: #REF!
Name _APT105: #REF!
Name _APT106: #REF!
Name _APT107: #REF!
Name _APT108: #REF!
Name _APT109: #REF!
Name _APT110: #REF!
Name _apt111: #REF!
Name _apt112: #REF!
Name _apt113: #REF!
Name _apt201: #REF!
Name _apt202: #REF!
Name _apt203: #REF!
Name _apt301: #REF!
Name _apt302: #REF!
Name _apt303: #REF!
Name _apt401: #REF!
Name _apt402: #REF!
Name _apt403: #REF!
Name _apt404: #REF!
Name _apt405: #REF!
Name _apt406: #REF!
Name _apt407: #REF!
Name _APT501: #REF!
Name _APT502: #REF!
Name _APT503: #REF!
Name _APT504: #REF!
Name _APT505: #REF!
Name _APT506: #REF!
Name _APT507: #REF!
Name _APT508: #REF!
Name _APT509: #REF!
Name _APT510: #REF!
Name _bok1: #REF!
Name _bok2: #REF!
Name _PR01: #REF!
Name _PRT2: #REF!
Name _PRT3: #REF!
Name \0: #REF!
Name \1111: #REF!
Name \a: #REF!
Name \b: #REF!
Name \c: #REF!
Name \d: #REF!

Sheet 바닥판
A1: 소재 | B1: 유형 | C1: 형태 | D1: 용도 | E1: 경계 | F1: 욕실폭 | G1: 욕실길이 | H1: 세면부폭 | I1: 세면부길이 | J1: 샤워부폭 | K1: 샤워부길이 | L1: 세면부바닥판 단가 | M1: 샤워부바닥판 단가 | N1: 소계
A2: GRP | B2: 기본형 | C2: 코너형 | D2: 샤워형 | E2: 구분 | F2: 1300 | G2: 1900 | H2: 1300 | I2: 1300 | J2: 850 | K2: 600 | L2: =바닥판단가!G2 -> 51610 | M2: =바닥판단가!G16 -> 20666 | N2: =바닥판단가!G2 + 바닥판단가!G16 -> 72276
A3: GRP | B3: 기본형 | C3: 코너형 | D3: 샤워형 | E3: 구분 | F3: 1300 | G3: 1900 | H3: 1300 | I3: 1300 | J3: 900 | K3: 600 | L3: =바닥판단가!G2 -> 51610 | M3: =바닥판단가!G17 -> 21190 | N3: =바닥판단가!G2 + 바닥판단가!G17 -> 72800
A4: GRP | B4: 기본형 | C4: 코너형 | D4: 샤워형 | E4: 구분 | F4: 1300 | G4: 2000 | H4: 1300 | I4: 1300 | J4: 900 | K4: 700 | L4: =바닥판단가!G2 -> 51610 | M4: =바닥판단가!G18 -> 22342 | N4: =바닥판단가!G2 + 바닥판단가!G18 -> 73952
A5: GRP | B5: 기본형 | C5: 코너형 | D5: 샤워형 | E5: 구분 | F5: 1300 | G5: 2000 | H5: 1300 | I5: 1400 | J5: 850 | K5: 600 | L5: =바닥판단가!G3 -> 53600 | M5: =바닥판단가!G16 -> 20666 | N5: =바닥판단가!G3 + 바닥판단가!G16 -> 74266
A6: GRP | B6: 기본형 | C6: 코너형 | D6: 샤워형 | E6: 구분 | F6: 1300 | G6: 2000 | H6: 1300 | I6: 1400 | J6: 900 | K6: 600 | L6: =바닥판단가!G3 -> 53600 | M6: =바닥판단가!G17 -> 21190 | N6: =바닥판단가!G3 + 바닥판단가!G17 -> 74790
A7: GRP | B7: 기본형 | C7: 코너형 | D7: 샤워형 | E7: 구분 | F7: 1300 | G7: 2100 | H7: 1300 | I7: 1300 | J7: 900 | K7: 800 | L7: =바닥판단가!G2 -> 51610 | M7: =바닥판단가!G19 -> 23494 | N7: =바닥판단가!G2 + 바닥판단가!G19 -> 75104
A8: GRP | B8: 기본형 | C8: 코너형 | D8: 샤워형 | E8: 구분 | F8: 1300 | G8: 2100 | H8: 1300 | I8: 1400 | J8: 900 | K8: 700 | L8: =바닥판단가!G3 -> 53600 | M8: =바닥판단가!G18 -> 22342 | N8: =바닥판단가!G3 + 바닥판단가!G18 -> 75942
A9: GRP | B9: 기본형 | C9: 코너형 | D9: 샤워형 | E9: 구분 | F9: 1300 | G9: 2100 | H9: 1300 | I9: 1500 | J9: 850 | K9: 600 | L9: =바닥판단가!G4 -> 55485 | M9: =바닥판단가!G16 -> 20666 | N9: =바닥판단가!G4 + 바닥판단가!G16 -> 76151
A10: GRP | B10: 기본형 | C10: 코너형 | D10: 샤워형 | E10: 구분 | F10: 1300 | G10: 2100 | H10: 1300 | I10: 1500 | J10: 900 | K10: 600 | L10: =바닥판단가!G4 -> 55485 | M10: =바닥판단가!G17 -> 21190 | N10: =바닥판단가!G4 + 바닥판단가!G17 -> 76675
A11: GRP | B11: 기본형 | C11: 코너형 | D11: 샤워형 | E11: 구분 | F11: 1300 | G11: 2200 | H11: 1300 | I11: 1300 | J11: 900 | K11: 900 | L11: =바닥판단가!G2 -> 51610 | M11: =바닥판단가!G20 -> 25066 | N11: =바닥판단가!G2 + 바닥판단가!G20 -> 76676
A12: GRP | B12: 기본형 | C12: 코너형 | D12: 샤워형 | E12: 구분 | F12: 1300 | G12: 2200 | H12: 1300 | I12: 1300 | J12: 1000 | K12: 900 | L12: =바닥판단가!G2 -> 51610 | M12: =바닥판단가!G23 -> 27161 | N12: =바닥판단가!G2 + 바닥판단가!G23 -> 78771
A13: GRP | B13: 기본형 | C13: 코너형 | D13: 샤워형 | E13: 구분 | F13: 1300 | G13: 2200 | H13: 1300 | I13: 1400 | J13: 900 | K13: 800 | L13: =바닥판단가!G3 -> 53600 | M13: =바닥판단가!G19 -> 23494 | N13: =바닥판단가!G3 + 바닥판단가!G19 -> 77094
A14: GRP | B14: 기본형 | C14: 코너형 | D14: 샤워형 | E14: 구분 | F14: 1300 | G14: 2200 | H14: 1300 | I14: 1500 | J14: 900 | K14: 700 | L14: =바닥판단가!G4 -> 55485 | M14: =바닥판단가!G18 -> 22342 | N14: =바닥판단가!G4 + 바닥판단가!G18 -> 77827
A15: GRP | B15: 기본형 | C15: 코너형 | D15: 샤워형 | E15: 구분 | F15: 1300 | G15: 2200 | H15: 1300 | I15: 1600 | J15: 850 | K15: 600 | L15: =바닥판단가!G5 -> 57790 | M15: =바닥판단가!G16 -> 20666 | N15: =바닥판단가!G5 + 바닥판단가!G16 -> 78456
A16: GRP | B16: 기본형 | C16: 코너형 | D16: 샤워형 | E16: 구분 | F16: 1300 | G16: 2200 | H16: 1300 | I16: 1600 | J16: 900 | K16: 600 | L16: =바닥판단가!G5 -> 57790 | M16: =바닥판단가!G17 -> 21190 | N16: =바닥판단가!G5 + 바닥판단가!G17 -> 78980
A17: GRP | B17: 기본형 | C17: 코너형 | D17: 샤워형 | E17: 구분 | F17: 1300 | G17: 2300 | H17: 1300 | I17: 1300 | J17: 1000 | K17: 1000 | L17: =바닥판단가!G2 -> 51610 | M17: =바닥판단가!G24 -> 29256 | N17: =바닥판단가!G2 + 바닥판단가!G24 -> 80866
A18: GRP | B18: 기본형 | C18: 코너형 | D18: 샤워형 | E18: 구분 | F18: 1300 | G18: 2300 | H18: 1300 | I18: 1400 | J18: 900 | K18: 900 | L18: =바닥판단가!G3 -> 53600 | M18: =바닥판단가!G20 -> 25066 | N18: =바닥판단가!G3 + 바닥판단가!G20 -> 78666
A19: GRP | B19: 기본형 | C19: 코너형 | D19: 샤워형 | E19: 구분 | F19: 1300 | G19: 2300 | H19: 1300 | I19: 1400 | J19: 1000 | K19: 900 | L19: =바닥판단가!G3 -> 53600 | M19: =바닥판단가!G23 -> 27161 | N19: =바닥판단가!G3 + 바닥판단가!G23 -> 80761
A20: GRP | B20: 기본형 | C20: 코너형 | D20: 샤워형 | E20: 구분 | F20: 1300 | G20: 2300 | H20: 1300 | I20: 1500 | J20: 900 | K20: 800 | L20: =바닥판단가!G4 -> 55485 | M20: =바닥판단가!G19 -> 23494 | N20: =바닥판단가!G4 + 바닥판단가!G19 -> 78979
A21: GRP | B21: 기본형 | C21: 코너형 | D21: 샤워형 | E21: 구분 | F21: 1300 | G21: 2300 | H21: 1300 | I21: 1600 | J21: 900 | K21: 700 | L21: =바닥판단가!G5 -> 57790 | M21: =바닥판단가!G18 -> 22342 | N21: =바닥판단가!G5 + 바닥판단가!G18 -> 80132
A22: GRP | B22: 기본형 | C22: 코너형 | D22: 샤워형 | E22: 구분 | F22: 1300 | G22: 2400 | H22: 1300 | I22: 1400 | J22: 1000 | K22: 1000 | L22: =바닥판단가!G3 -> 53600 | M22: =바닥판단가!G24 -> 29256 | N22: =바닥판단가!G3 + 바닥판단가!G24 -> 82856
A23: GRP | B23: 기본형 | C23: 코너형 | D23: 샤워형 | E23: 구분 | F23: 1300 | G23: 2400 | H23: 1300 | I23: 1500 | J23: 900 | K23: 900 | L23: =바닥판단가!G4 -> 55485 | M23: =바닥판단가!G20 -> 25066 | N23: =바닥판단가!G4 + 바닥판단가!G20 -> 80551
A24: GRP | B24: 기본형 | C24: 코너형 | D24: 샤워형 | E24: 구분 | F24: 1300 | G24: 2400 | H24: 1300 | I24: 1500 | J24: 1000 | K24: 900 | L24: =바닥판단가!G4 -> 55485 | M24: =바닥판단가!G23 -> 27161 | N24: =바닥판단가!G4 + 바닥판단가!G23 -> 82646
A25: GRP | B25: 기본형 | C25: 코너형 | D25: 샤워형 | E25: 구분 | F25: 1300 | G25: 2400 | H25: 1300 | I25: 1600 | J25: 900 | K25: 800 | L25: =바닥판단가!G5 -> 57790 | M25: =바닥판단가!G19 -> 23494 | N25: =바닥판단가!G5 + 바닥판단가!G19 -> 81284
A26: GRP | B26: 기본형 | C26: 코너형 | D26: 샤워형 | E26: 구분 | F26: 1300 | G26: 2500 | H26: 1300 | I26: 1500 | J26: 1000 | K26: 1000 | L26: =바닥판단가!G4 -> 55485 | M26: =바닥판단가!G24 -> 29256 | N26: =바닥판단가!G4 + 바닥판단가!G24 -> 84741
A27: GRP | B27: 기본형 | C27: 코너형 | D27: 샤워형 | E27: 구분 | F27: 1300 | G27: 2500 | H27: 1300 | I27: 1600 | J27: 900 | K27: 900 | L27: =바닥판단가!G5 -> 57790 | M27: =바닥판단가!G20 -> 25066 | N27: =바닥판단가!G5 + 바닥판단가!G20 -> 82856
A28: GRP | B28: 기본형 | C28: 코너형 | D28: 샤워형 | E28: 구분 | F28: 1300 | G28: 2500 | H28: 1300 | I28: 1600 | J28: 1000 | K28: 900 | L28: =바닥판단가!G5 -> 57790 | M28: =바닥판단가!G23 -> 27161 | N28: =바닥판단가!G5 + 바닥판단가!G23 -> 84951
A29: GRP | B29: 기본형 | C29: 코너형 | D29: 샤워형 | E29: 구분 | F29: 1400 | G29: 1900 | H29: 1400 | I29: 1300 | J29: 850 | K29: 600 | L29: =바닥판단가!G6 -> 53600 | M29: =바닥판단가!G16 -> 20666 | N29: =바닥판단가!G6 + 바닥판단가!G16 -> 74266
A30: GRP | B30: 기본형 | C30: 코너형 | D30: 샤워형 | E30: 구분 | F30: 1400 | G30: 1900 | H30: 1400 | I30: 1300 | J30: 900 | K30: 600 | L30: =바닥판단가!G6 -> 53600 | M30: =바닥판단가!G17 -> 21190 | N30: =바닥판단가!G6 + 바닥판단가!G17 -> 74790
A31: GRP | B31: 기본형 | C31: 코너형 | D31: 샤워형 | E31: 구분 | F31: 1400 | G31: 2000 | H31: 1400 | I31: 1300 | J31: 900 | K31: 700 | L31: =바닥판단가!G6 -> 53600 | M31: =바닥판단가!G18 -> 22342 | N31: =바닥판단가!G6 + 바닥판단가!G18 -> 75942
A32: GRP | B32: 기본형 | C32: 코너형 | D32: 샤워형 | E32: 구분 | F32: 1400 | G32: 2000 | H32: 1400 | I32: 1400 | J32: 850 | K32: 600 | L32: =바닥판단가!G7 -> 55695 | M32: =바닥판단가!G16 -> 20666 | N32: =바닥판단가!G7 + 바닥판단가!G16 -> 76361
A33: GRP | B33: 기본형 | C33: 코너형 | D33: 샤워형 | E33: 구분 | F33: 1400 | G33: 2000 | H33: 1400 | I33: 1400 | J33: 900 | K33: 600 | L33: =바닥판단가!G7 -> 55695 | M33: =바닥판단가!G17 -> 21190 | N33: =바닥판단가!G7 + 바닥판단가!G17 -> 76885
A34: GRP | B34: 기본형 | C34: 코너형 | D34: 샤워형 | E34: 구분 | F34: 1400 | G34: 2100 | H34: 1400 | I34: 1300 | J34: 900 | K34: 800 | L34: =바닥판단가!G6 -> 53600 | M34: =바닥판단가!G19 -> 23494 | N34: =바닥판단가!G6 + 바닥판단가!G19 -> 77094
A35: GRP | B35: 기본형 | C35: 코너형 | D35: 샤워형 | E35: 구분 | F35: 1400 | G35: 2100 | H35: 1400 | I35: 1400 | J35: 900 | K35: 700 | L35: =바닥판단가!G7 -> 55695 | M35: =바닥판단가!G18 -> 22342 | N35: =바닥판단가!G7 + 바닥판단가!G18 -> 78037
A36: GRP | B36: 기본형 | C36: 코너형 | D36: 샤워형 | E36: 구분 | F36: 1400 | G36: 2100 | H36: 1400 | I36: 1500 | J36: 850 | K36: 600 | L36: =바닥판단가!G8 -> 57581 | M36: =바닥판단가!G16 -> 20666 | N36: =바닥판단가!G8 + 바닥판단가!G16 -> 78247
A37: GRP | B37: 기본형 | C37: 코너형 | D37: 샤워형 | E37: 구분 | F37: 1400 | G37: 2100 | H37: 1400 | I37: 1500 | J37: 900 | K37: 600 | L37: =바닥판단가!G8 -> 57581 | M37: =바닥판단가!G17 -> 21190 | N37: =바닥판단가!G8 + 바닥판단가!G17 -> 78771
A38: GRP | B38: 기본형 | C38: 코너형 | D38: 샤워형 | E38: 구분 | F38: 1400 | G38: 2200 | H38: 1400 | I38: 1300 | J38: 900 | K38: 900 | L38: =바닥판단가!G6 -> 53600 | M38: =바닥판단가!G20 -> 25066 | N38: =바닥판단가!G6 + 바닥판단가!G20 -> 78666
A39: GRP | B39: 기본형 | C39: 코너형 | D39: 샤워형 | E39: 구분 | F39: 1400 | G39: 2200 | H39: 1400 | I39: 1300 | J39: 1000 | K39: 900 | L39: =바닥판단가!G6 -> 53600 | M39: =바닥판단가!G23 -> 27161 | N39: =바닥판단가!G6 + 바닥판단가!G23 -> 80761
A40: GRP | B40: 기본형 | C40: 코너형 | D40: 샤워형 | E40: 구분 | F40: 1400 | G40: 2200 | H40: 1400 | I40: 1400 | J40: 900 | K40: 800 | L40: =바닥판단가!G7 -> 55695 | M40: =바닥판단가!G19 -> 23494 | N40: =바닥판단가!G7 + 바닥판단가!G19 -> 79189
A41: GRP | B41: 기본형 | C41: 코너형 | D41: 샤워형 | E41: 구분 | F41: 1400 | G41: 2200 | H41: 1400 | I41: 1500 | J41: 900 | K41: 700 | L41: =바닥판단가!G8 -> 57581 | M41: =바닥판단가!G18 -> 22342 | N41: =바닥판단가!G8 + 바닥판단가!G18 -> 79923
A42: GRP | B42: 기본형 | C42: 코너형 | D42: 샤워형 | E42: 구분 | F42: 1400 | G42: 2200 | H42: 1400 | I42: 1600 | J42: 850 | K42: 600 | L42: =바닥판단가!G9 -> 59676 | M42: =바닥판단가!G16 -> 20666 | N42: =바닥판단가!G9 + 바닥판단가!G16 -> 80342
A43: GRP | B43: 기본형 | C43: 코너형 | D43: 샤워형 | E43: 구분 | F43: 1400 | G43: 2200 | H43: 1400 | I43: 1600 | J43: 900 | K43: 600 | L43: =바닥판단가!G9 -> 59676 | M43: =바닥판단가!G17 -> 21190 | N43: =바닥판단가!G9 + 바닥판단가!G17 -> 80866
A44: GRP | B44: 기본형 | C44: 코너형 | D44: 샤워형 | E44: 구분 | F44: 1400 | G44: 2300 | H44: 1400 | I44: 1300 | J44: 1000 | K44: 1000 | L44: =바닥판단가!G6 -> 53600 | M44: =바닥판단가!G24 -> 29256 | N44: =바닥판단가!G6 + 바닥판단가!G24 -> 82856
A45: GRP | B45: 기본형 | C45: 코너형 | D45: 샤워형 | E45: 구분 | F45: 1400 | G45: 2300 | H45: 1400 | I45: 1400 | J45: 900 | K45: 900 | L45: =바닥판단가!G7 -> 55695 | M45: =바닥판단가!G20 -> 25066 | N45: =바닥판단가!G7 + 바닥판단가!G20 -> 80761
A46: GRP | B46: 기본형 | C46: 코너형 | D46: 샤워형 | E46: 구분 | F46: 1400 | G46: 2300 | H46: 1400 | I46: 1400 | J46: 1000 | K46: 900 | L46: =바닥판단가!G7 -> 55695 | M46: =바닥판단가!G23 -> 27161 | N46: =바닥판단가!G7 + 바닥판단가!G23 -> 82856
A47: GRP | B47: 기본형 | C47: 코너형 | D47: 샤워형 | E47: 구분 | F47: 1400 | G47: 2300 | H47: 1400 | I47: 1500 | J47: 900 | K47: 800 | L47: =바닥판단가!G8 -> 57581 | M47: =바닥판단가!G19 -> 23494 | N47: =바닥판단가!G8 + 바닥판단가!G19 -> 81075
A48: GRP | B48: 기본형 | C48: 코너형 | D48: 샤워형 | E48: 구분 | F48: 1400 | G48: 2300 | H48: 1400 | I48: 1600 | J48: 900 | K48: 700 | L48: =바닥판단가!G9 -> 59676 | M48: =바닥판단가!G18 -> 22342 | N48: =바닥판단가!G9 + 바닥판단가!G18 -> 82018
A49: GRP | B49: 기본형 | C49: 코너형 | D49: 샤워형 | E49: 구분 | F49: 1400 | G49: 2400 | H49: 1400 | I49: 1400 | J49: 1000 | K49: 1000 | L49: =바닥판단가!G7 -> 55695 | M49: =바닥판단가!G24 -> 29256 | N49: =바닥판단가!G7 + 바닥판단가!G24 -> 84951
A50: GRP | B50: 기본형 | C50: 코너형 | D50: 샤워형 | E50: 구분 | F50: 1400 | G50: 2400 | H50: 1400 | I50: 1500 | J50: 900 | K50: 900 | L50: =바닥판단가!G8 -> 57581 | M50: =바닥판단가!G20 -> 25066 | N50: =바닥판단가!G8 + 바닥판단가!G20 -> 82647
A51: GRP | B51: 기본형 | C51: 코너형 | D51: 샤워형 | E51: 구분 | F51: 1400 | G51: 2400 | H51: 1400 | I51: 1500 | J51: 1000 | K51: 900 | L51: =바닥판단가!G8 -> 57581 | M51: =바닥판단가!G23 -> 27161 | N51: =바닥판단가!G8 + 바닥판단가!G23 -> 84742
A52: GRP | B52: 기본형 | C52: 코너형 | D52: 샤워형 | E52: 구분 | F52: 1400 | G52: 2400 | H52: 1400 | I52: 1600 | J52: 900 | K52: 800 | L52: =바닥판단가!G9 -> 59676 | M52: =바닥판단가!G19 -> 23494 | N52: =바닥판단가!G9 + 바닥판단가!G19 -> 83170
A53: GRP | B53: 기본형 | C53: 코너형 | D53: 샤워형 | E53: 구분 | F53: 1400 | G53: 2500 | H53: 1400 | I53: 1500 | J53: 1000 | K53: 1000 | L53: =바닥판단가!G8 -> 57581 | M53: =바닥판단가!G24 -> 29256 | N53: =바닥판단가!G8 + 바닥판단가!G24 -> 86837
A54: GRP | B54: 기본형 | C54: 코너형 | D54: 샤워형 | E54: 구분 | F54: 1400 | G54: 2500 | H54: 1400 | I54: 1600 | J54: 900 | K54: 900 | L54: =바닥판단가!G9 -> 59676 | M54: =바닥판단가!G20 -> 25066 | N54: =바닥판단가!G9 + 바닥판단가!G20 -> 84742
A55: GRP | B55: 기본형 | C55: 코너형 | D55: 샤워형 | E55: 구분 | F55: 1400 | G55: 2500 | H55: 1400 | I55: 1600 | J55: 1000 | K55: 900 | L55: =바닥판단가!G9 -> 59676 | M55: =바닥판단가!G23 -> 27161 | N55: =바닥판단가!G9 + 바닥판단가!G23 -> 86837
A56: GRP | B56: 기본형 | C56: 코너형 | D56: 샤워형 | E56: 구분 | F56: 1500 | G56: 1900 | H56: 1500 | I56: 1300 | J56: 850 | K56: 600 | L56: =바닥판단가!G10 -> 55485 | M56: =바닥판단가!G16 -> 20666 | N56: =바닥판단가!G10 + 바닥판단가!G16 -> 76151
A57: GRP | B57: 기본형 | C57: 코너형 | D57: 샤워형 | E57: 구분 | F57: 1500 | G57: 1900 | H57: 1500 | I57: 1300 | J57: 900 | K57: 600 | L57: =바닥판단가!G10 -> 55485 | M57: =바닥판단가!G17 -> 21190 | N57: =바닥판단가!G10 + 바닥판단가!G17 -> 76675
A58: GRP | B58: 기본형 | C58: 코너형 | D58: 샤워형 | E58: 구분 | F58: 1500 | G58: 2000 | H58: 1500 | I58: 1300 | J58: 900 | K58: 700 | L58: =바닥판단가!G10 -> 55485 | M58: =바닥판단가!G18 -> 22342 | N58: =바닥판단가!G10 + 바닥판단가!G18 -> 77827
A59: GRP | B59: 기본형 | C59: 코너형 | D59: 샤워형 | E59: 구분 | F59: 1500 | G59: 2000 | H59: 1500 | I59: 1400 | J59: 850 | K59: 600 | L59: =바닥판단가!G11 -> 57581 | M59: =바닥판단가!G16 -> 20666 | N59: =바닥판단가!G11 + 바닥판단가!G16 -> 78247
A60: GRP | B60: 기본형 | C60: 코너형 | D60: 샤워형 | E60: 구분 | F60: 1500 | G60: 2000 | H60: 1500 | I60: 1400 | J60: 900 | K60: 600 | L60: =바닥판단가!G11 -> 57581 | M60: =바닥판단가!G17 -> 21190 | N60: =바닥판단가!G11 + 바닥판단가!G17 -> 78771
A61: GRP | B61: 기본형 | C61: 코너형 | D61: 샤워형 | E61: 구분 | F61: 1500 | G61: 2100 | H61: 1500 | I61: 1300 | J61: 900 | K61: 800 | L61: =바닥판단가!G10 -> 55485 | M61: =바닥판단가!G19 -> 23494 | N61: =바닥판단가!G10 + 바닥판단가!G19 -> 78979
A62: GRP | B62: 기본형 | C62: 코너형 | D62: 샤워형 | E62: 구분 | F62: 1500 | G62: 2100 | H62: 1500 | I62: 1400 | J62: 900 | K62: 700 | L62: =바닥판단가!G11 -> 57581 | M62: =바닥판단가!G18 -> 22342 | N62: =바닥판단가!G11 + 바닥판단가!G18 -> 79923
A63: GRP | B63: 기본형 | C63: 코너형 | D63: 샤워형 | E63: 구분 | F63: 1500 | G63: 2100 | H63: 1500 | I63: 1500 | J63: 850 | K63: 600 | L63: =바닥판단가!G12 -> 59676 | M63: =바닥판단가!G16 -> 20666 | N63: =바닥판단가!G12 + 바닥판단가!G16 -> 80342
A64: GRP | B64: 기본형 | C64: 코너형 | D64: 샤워형 | E64: 구분 | F64: 1500 | G64: 2100 | H64: 1500 | I64: 1500 | J64: 900 | K64: 600 | L64: =바닥판단가!G12 -> 59676 | M64: =바닥판단가!G17 -> 21190 | N64: =바닥판단가!G12 + 바닥판단가!G17 -> 80866
A65: GRP | B65: 기본형 | C65: 코너형 | D65: 샤워형 | E65: 구분 | F65: 1500 | G65: 2200 | H65: 1500 | I65: 1300 | J65: 900 | K65: 900 | L65: =바닥판단가!G10 -> 55485 | M65: =바닥판단가!G20 -> 25066 | N65: =바닥판단가!G10 + 바닥판단가!G20 -> 80551
A66: GRP | B66: 기본형 | C66: 코너형 | D66: 샤워형 | E66: 구분 | F66: 1500 | G66: 2200 | H66: 1500 | I66: 1300 | J66: 1000 | K66: 900 | L66: =바닥판단가!G10 -> 55485 | M66: =바닥판단가!G23 -> 27161 | N66: =바닥판단가!G10 + 바닥판단가!G23 -> 82646
A67: GRP | B67: 기본형 | C67: 코너형 | D67: 샤워형 | E67: 구분 | F67: 1500 | G67: 2200 | H67: 1500 | I67: 1400 | J67: 900 | K67: 800 | L67: =바닥판단가!G11 -> 57581 | M67: =바닥판단가!G19 -> 23494 | N67: =바닥판단가!G11 + 바닥판단가!G19 -> 81075
A68: GRP | B68: 기본형 | C68: 코너형 | D68: 샤워형 | E68: 구분 | F68: 1500 | G68: 2200 | H68: 1500 | I68: 1500 | J68: 900 | K68: 700 | L68: =바닥판단가!G12 -> 59676 | M68: =바닥판단가!G18 -> 22342 | N68: =바닥판단가!G12 + 바닥판단가!G18 -> 82018
A69: GRP | B69: 기본형 | C69: 코너형 | D69: 샤워형 | E69: 구분 | F69: 1500 | G69: 2200 | H69: 1500 | I69: 1600 | J69: 850 | K69: 600 | L69: =바닥판단가!G13 -> 61771 | M69: =바닥판단가!G16 -> 20666 | N69: =바닥판단가!G13 + 바닥판단가!G16 -> 82437
A70: GRP | B70: 기본형 | C70: 코너형 | D70: 샤워형 | E70: 구분 | F70: 1500 | G70: 2200 | H70: 1500 | I70: 1600 | J70: 900 | K70: 600 | L70: =바닥판단가!G13 -> 61771 | M70: =바닥판단가!G17 -> 21190 | N70: =바닥판단가!G13 + 바닥판단가!G17 -> 82961
A71: GRP | B71: 기본형 | C71: 코너형 | D71: 샤워형 | E71: 구분 | F71: 1500 | G71: 2300 | H71: 1500 | I71: 1300 | J71: 1000 | K71: 1000 | L71: =바닥판단가!G10 -> 55485 | M71: =바닥판단가!G24 -> 29256 | N71: =바닥판단가!G10 + 바닥판단가!G24 -> 84741
A72: GRP | B72: 기본형 | C72: 코너형 | D72: 샤워형 | E72: 구분 | F72: 1500 | G72: 2300 | H72: 1500 | I72: 1400 | J72: 900 | K72: 900 | L72: =바닥판단가!G11 -> 57581 | M72: =바닥판단가!G20 -> 25066 | N72: =바닥판단가!G11 + 바닥판단가!G20 -> 82647
A73: GRP | B73: 기본형 | C73: 코너형 | D73: 샤워형 | E73: 구분 | F73: 1500 | G73: 2300 | H73: 1500 | I73: 1400 | J73: 1000 | K73: 900 | L73: =바닥판단가!G11 -> 57581 | M73: =바닥판단가!G23 -> 27161 | N73: =바닥판단가!G11 + 바닥판단가!G23 -> 84742
A74: GRP | B74: 기본형 | C74: 코너형 | D74: 샤워형 | E74: 구분 | F74: 1500 | G74: 2300 | H74: 1500 | I74: 1500 | J74: 900 | K74: 800 | L74: =바닥판단가!G12 -> 59676 | M74: =바닥판단가!G19 -> 23494 | N74: =바닥판단가!G12 + 바닥판단가!G19 -> 83170
A75: GRP | B75: 기본형 | C75: 코너형 | D75: 샤워형 | E75: 구분 | F75: 1500 | G75: 2300 | H75: 1500 | I75: 1600 | J75: 900 | K75: 700 | L75: =바닥판단가!G13 -> 61771 | M75: =바닥판단가!G18 -> 22342 | N75: =바닥판단가!G13 + 바닥판단가!G18 -> 84113
A76: GRP | B76: 기본형 | C76: 코너형 | D76: 샤워형 | E76: 구분 | F76: 1500 | G76: 2400 | H76: 1500 | I76: 1400 | J76: 1000 | K76: 1000 | L76: =바닥판단가!G11 -> 57581 | M76: =바닥판단가!G24 -> 29256 | N76: =바닥판단가!G11 + 바닥판단가!G24 -> 86837
A77: GRP | B77: 기본형 | C77: 코너형 | D77: 샤워형 | E77: 구분 | F77: 1500 | G77: 2400 | H77: 1500 | I77: 1500 | J77: 900 | K77: 900 | L77: =바닥판단가!G12 -> 59676 | M77: =바닥판단가!G20 -> 25066 | N77: =바닥판단가!G12 + 바닥판단가!G20 -> 84742
A78: GRP | B78: 기본형 | C78: 코너형 | D78: 샤워형 | E78: 구분 | F78: 1500 | G78: 2400 | H78: 1500 | I78: 1500 | J78: 1000 | K78: 900 | L78: =바닥판단가!G12 -> 59676 | M78: =바닥판단가!G23 -> 27161 | N78: =바닥판단가!G12 + 바닥판단가!G23 -> 86837
A79: GRP | B79: 기본형 | C79: 코너형 | D79: 샤워형 | E79: 구분 | F79: 1500 | G79: 2400 | H79: 1500 | I79: 1600 | J79: 900 | K79: 800 | L79: =바닥판단가!G13 -> 61771 | M79: =바닥판단가!G19 -> 23494 | N79: =바닥판단가!G13 + 바닥판단가!G19 -> 85265
A80: GRP | B80: 기본형 | C80: 코너형 | D80: 샤워형 | E80: 구분 | F80: 1500 | G80: 2500 | H80: 1500 | I80: 1500 | J80: 1000 | K80: 1000 | L80: =바닥판단가!G12 -> 59676 | M80: =바닥판단가!G24 -> 29256 | N80: =바닥판단가!G12 + 바닥판단가!G24 -> 88932
A81: GRP | B81: 기본형 | C81: 코너형 | D81: 샤워형 | E81: 구분 | F81: 1500 | G81: 2500 | H81: 1500 | I81: 1600 | J81: 900 | K81: 900 | L81: =바닥판단가!G13 -> 61771 | M81: =바닥판단가!G20 -> 25066 | N81: =바닥판단가!G13 + 바닥판단가!G20 -> 86837
A82: GRP | B82: 기본형 | C82: 코너형 | D82: 샤워형 | E82: 구분 | F82: 1500 | G82: 2500 | H82: 1500 | I82: 1600 | J82: 1000 | K82: 900 | L82: =바닥판단가!G13 -> 61771 | M82: =바닥판단가!G23 -> 27161 | N82: =바닥판단가!G13 + 바닥판단가!G23 -> 88932
A83: GRP | B83: 기본형 | C83: 코너형 | D83: 샤워형 | E83: 구분 | F83: 1600 | G83: 2200 | H83: 1600 | I83: 1300 | J83: 900 | K83: 900 | L83: =바닥판단가!G15 -> 130000 | M83: =바닥판단가!G20 -> 25066 | N83: =바닥판단가!G15 + 바닥판단가!G20 -> 155066
A84: GRP | B84: 기본형 | C84: 코너형 | D84: 샤워형 | E84: 구분 | F84: 1600 | G84: 2200 | H84: 1600 | I84: 1250 | J84: 900 | K84: 950 | L84: =바닥판단가!G15 -> 130000 | M84: =바닥판단가!G21 -> 0 | N84: =바닥판단가!G15 + 바닥판단가!G21 -> 130000
A85: GRP | B85: 기본형 | C85: 사각형 | D85: 샤워형 | E85: 구분없음 | F85: 1300 | G85: 1300 | H85: NaN | I85: NaN | J85: NaN | K85: NaN | L85: NaN | M85: NaN | N85: =바닥판단가!G2 -> 51610
A86: GRP | B86: 기본형 | C86: 사각형 | D86: 샤워형 | E86: 구분없음 | F86: 1300 | G86: 1400 | H86: NaN | I86: NaN | J86: NaN | K86: NaN | L86: NaN | M86: NaN | N86: =바닥판단가!G3 -> 53600
A87: GRP | B87: 기본형 | C87: 사각형 | D87: 샤워형 | E87: 구분없음 | F87: 1300 | G87: 1500 | H87: NaN | I87: NaN | J87: NaN | K87: NaN | L87: NaN | M87: NaN | N87: =바닥판단가!G4 -> 55485
A88: GRP | B88: 기본형 | C88: 사각형 | D88: 샤워형 | E88: 구분없음 | F88: 1300 | G88: 1600 | H88: NaN | I88: NaN | J88: NaN | K88: NaN | L88: NaN | M88: NaN | N88: =바닥판단가!G5 -> 57790
A89: GRP | B89: 기본형 | C89: 사각형 | D89: 샤워형 | E89: 구분없음 | F89: 1400 | G89: 1300 | H89: NaN | I89: NaN | J89: NaN | K89: NaN | L89: NaN | M89: NaN | N89: =바닥판단가!G6 -> 53600
A90: GRP | B90: 기본형 | C90: 사각형 | D90: 샤워형 | E90: 구분없음 | F90: 1400 | G90: 1400 | H90: NaN | I90: NaN | J90: NaN | K90: NaN | L90: NaN | M90: NaN | N90: =바닥판단가!G7 -> 55695
A91: GRP | B91: 기본형 | C91: 사각형 | D91: 샤워형 | E91: 구분없음 | F91: 1400 | G91: 1500 | H91: NaN | I91: NaN | J91: NaN | K91: NaN | L91: NaN | M91: NaN | N91: =바닥판단가!G8 -> 57581
A92: GRP | B92: 기본형 | C92: 사각형 | D92: 샤워형 | E92: 구분없음 | F92: 1400 | G92: 1600 | H92: NaN | I92: NaN | J92: NaN | K92: NaN | L92: NaN | M92: NaN | N92: =바닥판단가!G9 -> 59676
A93: GRP | B93: 기본형 | C93: 사각형 | D93: 샤워형 | E93: 구분없음 | F93: 1500 | G93: 1300 | H93: NaN | I93: NaN | J93: NaN | K93: NaN | L93: NaN | M93: NaN | N93: =바닥판단가!G10 -> 55485
A94: GRP | B94: 기본형 | C94: 사각형 | D94: 샤워형 | E94: 구분없음 | F94: 1500 | G94: 1400 | H94: NaN | I94: NaN | J94: NaN | K94: NaN | L94: NaN | M94: NaN | N94: =바닥판단가!G11 -> 57581
A95: GRP | B95: 기본형 | C95: 사각형 | D95: 샤워형 | E95: 구분없음 | F95: 1500 | G95: 1500 | H95: NaN | I95: NaN | J95: NaN | K95: NaN | L95: NaN | M95: NaN | N95: =바닥판단가!G12 -> 59676
A96: GRP | B96: 기본형 | C96: 사각형 | D96: 샤워형 | E96: 구분없음 | F96: 1500 | G96: 1600 | H96: NaN | I96: NaN | J96: NaN | K96: NaN | L96: NaN | M96: NaN | N96: =바닥판단가!G13 -> 61771
A97: GRP | B97: 중앙배수 | C97: 코너형 | D97: 샤워형 | E97: 구분없음 | F97: 1500 | G97: 2300 | H97: NaN | I97: NaN | J97: NaN | K97: NaN | L97: NaN | M97: NaN | N97: =바닥판단가!G61 -> 111636
A98: GRP | B98: 중앙배수 | C98: 코너형 | D98: 샤워형 | E98: 구분없음 | F98: 1500 | G98: 2400 | H98: NaN | I98: NaN | J98: NaN | K98: NaN | L98: NaN | M98: NaN | N98: =바닥판단가!G62 -> 114255
A99: GRP | B99: 중앙배수 | C99: 사각형 | D99: 샤워형 | E99: 구분없음 | F99: 1600 | G99: 2400 | H99: NaN | I99: NaN | J99: NaN | K99: NaN | L99: NaN | M99: NaN | N99: =바닥판단가!G63 -> 214100
A100: GRP | B100: 중앙배수 | C100: 사각형 | D100: 욕조형 | E100: 구분없음 | F100: 1600 | G100: 2400 | H100: NaN | I100: NaN | J100: NaN | K100: NaN | L100: NaN | M100: NaN | N100: =바닥판단가!G64 -> 214100
...

Sheet 바닥판단가
A1: 소재 | B1: 구조 | C1: 형태 | D1: 욕실공간 | E1: 폭 | F1: 길이 | G1: 단가 | H1: 비고
A2: GRP | B2: 기본형 | C2: 코너형 | D2: 세면부 | E2: 1300 | F2: 1300 | G2: 51610 | H2: 251106업데이트
A3: GRP | B3: 기본형 | C3: 코너형 | D3: 세면부 | E3: 1300 | F3: 1400 | G3: 53600
A4: GRP | B4: 기본형 | C4: 코너형 | D4: 세면부 | E4: 1300 | F4: 1500 | G4: 55485
A5: GRP | B5: 기본형 | C5: 코너형 | D5: 세면부 | E5: 1300 | F5: 1600 | G5: 57790
A6: GRP | B6: 기본형 | C6: 코너형 | D6: 세면부 | E6: 1400 | F6: 1300 | G6: 53600
A7: GRP | B7: 기본형 | C7: 코너형 | D7: 세면부 | E7: 1400 | F7: 1400 | G7: 55695
A8: GRP | B8: 기본형 | C8: 코너형 | D8: 세면부 | E8: 1400 | F8: 1500 | G8: 57581
A9: GRP | B9: 기본형 | C9: 코너형 | D9: 세면부 | E9: 1400 | F9: 1600 | G9: 59676
A10: GRP | B10: 기본형 | C10: 코너형 | D10: 세면부 | E10: 1500 | F10: 1300 | G10: 55485
A11: GRP | B11: 기본형 | C11: 코너형 | D11: 세면부 | E11: 1500 | F11: 1400 | G11: 57581
A12: GRP | B12: 기본형 | C12: 코너형 | D12: 세면부 | E12: 1500 | F12: 1500 | G12: 59676
A13: GRP | B13: 기본형 | C13: 코너형 | D13: 세면부 | E13: 1500 | F13: 1600 | G13: 61771
A14: GRP | B14: 기본형 | C14: 코너형 | D14: 세면부 | E14: 1600 | F14: 1300 | G14: 57790
A15: GRP | B15: 기본형 | C15: 코너형 | D15: 세면부 | E15: 1600 | F15: 1250 | G15: 130000 | H15: 대림 구매품
A16: GRP | B16: 기본형 | C16: 코너형 | D16: 샤워부 | E16: 600 | F16: 850 | G16: 20666
A17: GRP | B17: 기본형 | C17: 코너형 | D17: 샤워부 | E17: 600 | F17: 900 | G17: 21190
A18: GRP | B18: 기본형 | C18: 코너형 | D18: 샤워부 | E18: 700 | F18: 900 | G18: 22342
A19: GRP | B19: 기본형 | C19: 코너형 | D19: 샤워부 | E19: 800 | F19: 900 | G19: 23494
A20: GRP | B20: 기본형 | C20: 코너형 | D20: 샤워부 | E20: 900 | F20: 900 | G20: 25066
A21: GRP | B21: 기본형 | C21: 코너형 | D21: 샤워부 | E21: 900 | F21: 950 | G21: 0 | H21: 대림 구매품
A22: GRP | B22: 기본형 | C22: 코너형 | D22: 샤워부 | E22: 950 | F22: 900 | G22: 26113
A23: GRP | B23: 기본형 | C23: 코너형 | D23: 샤워부 | E23: 900 | F23: 1000 | G23: 27161
A24: GRP | B24: 기본형 | C24: 코너형 | D24: 샤워부 | E24: 1000 | F24: 1000 | G24: 29256
A25: FRP | B25: 기본형 | C25: 코너형 | D25: 세면부 | E25: 1200 | F25: 1450 | G25: 50000
A26: FRP | B26: 기본형 | C26: 코너형 | D26: 세면부 | E26: 1200 | F26: 1500 | G26: 50001
A27: FRP | B27: 기본형 | C27: 코너형 | D27: 세면부 | E27: 1300 | F27: 1500 | G27: 50002
A28: FRP | B28: 기본형 | C28: 코너형 | D28: 세면부 | E28: 1400 | F28: 1500 | G28: 50003
A29: FRP | B29: 기본형 | C29: 코너형 | D29: 세면부 | E29: 1600 | F29: 1500 | G29: 50004
A30: FRP | B30: 기본형 | C30: 코너형 | D30: 세면부 | E30: 1250 | F30: 1600 | G30: 50005
A31: FRP | B31: 기본형 | C31: 코너형 | D31: 세면부 | E31: 1300 | F31: 1600 | G31: 50006
A32: FRP | B32: 기본형 | C32: 코너형 | D32: 세면부 | E32: 1600 | F32: 1300 | G32: 50007
A33: FRP | B33: 기본형 | C33: 코너형 | D33: 세면부 | E33: 1350 | F33: 1600 | G33: 50008
... A75: GRP | B75: 타일일체형 | C75: 사각형 | D75: 욕조형 | E75: 19000 | F75: 1900 | G75: 98698

Sheet 천장판
A1: 판넬/점검구 | B1: 품명 | C1: 폭 | D1: 길이 | E1: 소계
A2: 바디판넬 | B2: SI-2 | C2: 2000 | D2: 1300 | E2: =ROUND(24876.5284210526,0) -> 24877
A3: 바디판넬 | B3: SI-3 | C3: 1750 | D3: 1300 | E3: =ROUND(19466.644754386,0) -> 19467
A4: 바디판넬 | B4: SI-4 | C4: 1750 | D4: 1350 | E4: =ROUND(20465.029754386,0) -> 20465
A5: 바디판넬 | B5: SI-5 | C5: 1750 | D5: 1350 | E5: =ROUND(22778.035754386,0) -> 22778
A6: 바디판넬 | B6: SI-6 | C6: 1750 | D6: 1450 | E6: =ROUND(22090.7790877193,0) -> 22091
A7: 바디판넬 | B7: SI-7 | C7: 1750 | D7: 1000 | E7: =ROUND(22305.1613333333,0) -> 22305
A8: 바디판넬 | B8: SI-8 | C8: 1750 | D8: 1200 | E8: =ROUND(25853.7433333333,0) -> 25854
A9: 바디판넬 | B9: SI-9 | C9: 2000 | D9: 1200 | E9: =ROUND(31177.068,0) -> 31177
A10: 바디판넬 | B10: SI-10 | C10: 1850 | D10: 1370 | E10: =ROUND(22090.7790877193,0) -> 22091
A11: 바디판넬 | B11: SI-11 | C11: 1850 | D11: 1260 | E11: =ROUND(21026.4810877193,0) -> 21026
A12: 사이드판넬 | B12: 700 | C12: 1750 | D12: 700 | E12: =ROUND(14109.9616666667,0) -> 14110
A13: 사이드판넬 | B13: 800 | C13: 1750 | D13: 800 | E13: =ROUND(15953.6971111111,0) -> 15954
A14: 사이드판넬 | B14: 900a | C14: 1750 | D14: 900 | E14: =ROUND(18683.766,0) -> 18684
A15: 사이드판넬 | B15: 900b | C15: 960 | D15: 900 | E15: =ROUND(10785.7126666667,0) -> 10786
A16: 사이드판넬 | B16: 1000 | C16: 1750 | D16: 1000 | E16: =ROUND(19905.1613333333,0) -> 19905
A17: 사이드판넬 | B17: 1200 | C17: 1750 | D17: 1200 | E17: =ROUND(23453.7433333333,0) -> 23454
A18: 사이드판넬 | B18: 2000 | C18: 2000 | D18: 1200 | E18: =ROUND(28777.068,0) -> 28777
A19: 사이드판넬 | B19: 750 | C19: 1850 | D19: 750 | E19: =ROUND(14527.649,0) -> 14528
A20: 사이드판넬 | B20: 1100 | C20: 1850 | D20: 1100 | E20: =ROUND(20189.7306666667,0) -> 20190
A21: 점검구 | B21: SI-2 | C21: 900 | D21: 700 | E21: =ROUND(8585.984,0) -> 8586
A22: 점검구 | B22: SI-3 | C22: 900 | D22: 700 | E22: =ROUND(8585.984,0) -> 8586
A23: 점검구 | B23: SI-4 | C23: 900 | D23: 700 | E23: =ROUND(8585.984,0) -> 8586
A24: 점검구 | B24: SI-5 | C24: 650 | D24: 500 | E24: =ROUND(6296.838,0) -> 6297
A25: 점검구 | B25: SI-6 | C25: 900 | D25: 700 | E25: =ROUND(8585.984,0) -> 8586
A26: 점검구 | B26: SI-7 | C26: 450 | D26: 450 | E26: =ROUND(4728.38884210526,0) -> 4728
A27: 점검구 | B27: SI-8 | C27: 450 | D27: 450 | E27: =ROUND(4728.38884210526,0) -> 4728
A28: 점검구 | B28: SI-9 | C28: 450 | D28: 450 | E28: =ROUND(4728.38884210526,0) -> 4728
A29: 점검구 | B29: SI-10 | C29: 900 | D29: 650 | E29: =ROUND(8174.96333333333,0) -> 8175
A30: 점검구 | B30: SI-11 | C30: 900 | D30: 750 | E30: =ROUND(8184.748,0) -> 8185

Sheet 천장판타공
A1: 품목 | B1: 단가 | C1: 비고
A2: 바디 | B2: 1500 | C2: 2인 40EA/시간(1면절단)
A3: 사이드 | B3: 1500 | C3: 2인 40EA/시간(1면절단)
A4: 환풍기홀 | B4: 4000 | C4: 2인 15EA/시간(1개)
A5: 사각매립등 | B5: 4000 | C5: 2인 15EA/시간(1개)
A6: 원형등 | B6: 2000 | C6: 2인 35EA/시간(1개)
A7: 직선1회 | B7: 1500 | C7: 2인 40EA/시간

Sheet 자재단가내역
A1: 품목 | B1: 분류 | C1: 사양 및 규격 | D1: 단가 | E1: 수량
A2: 바닥판 | B2: GRP부재료 | C2: 철판평자 | D2: 1500 | E2: 2
A3: 바닥판 | B3: GRP부재료 | C3: 철판ㄱ자 | D3: 2000 | E3: 2
A4: 바닥판 | B4: GRP부재료 | C4: 에폭시본드 | D4: 3150 | E4: 1
A5: 바닥판 | B5: GRP부재료 | C5: 방수테입 | D5: 500 | E5: 1
A6: 바닥판 | B6: GRP부재료 | C6: 기타 | D6: 1000 | E6: 1
A7: 바닥판 | B7: GRP/FRP 부재료 | C7: 배수트랩 층하용 | D7: 4000 | E7: 2
A8: 바닥판 | B8: GRP/FRP 부재료(내화채움용) | C8: 배수트랩 층하용, 대림용 | D8: 6500 | E8: 2
A9: 바닥판 | B9: GRP/FRP 부재료 | C9: 배수트랩 층상용 1구가지관 | D9: 6500 | E9: 1
A10: 바닥판 | B10: GRP/FRP 부재료 | C10: 배수트랩 층상용 2구가지관 | D10: 6500 | E10: 1
A11: 바닥판 | B11: GRP/FRP 부재료 | C11: 배수트랩 층상용 3구가지관 | D11: 6500 | E11: 1
A12: 바닥판 | B12: GRP 부재료 | C12: 드레인커버 세면부용(성일용) | D12: 3950 | E12: 1
A13: 바닥판 | B13: GRP 부재료 | C13: 드레인커버 샤워실용(성일용) | D13: 4600 | E13: 1
... A40: 벽판 | B40: PU타일 벽체 | C40: PU벽판 | D40: 30000 | E40: 1
A41: 타일 | B41: PU타일 벽체 타일 | C41: 벽타일 250*400 | D41: =18000/15 -> 1200 | E41: 1
A42: 타일 | B42: PU타일 벽체 타일 | C42: 벽타일 300*600 | D42: =18000/9 -> 2000 | E42: 1
A43: 오,배수 배관 | B43: GRP/FRP/PP/PE 부재료 | C43: 직관(Φ100) | D43: 2875 | E43: 1
A44: 오,배수 배관 | B44: GRP/FRP/PP/PE 부재료 | C44: 직관(Φ75) | D44: 450 | E44: 2
A45: 오,배수 배관 | B45: GRP/FRP/PP/PE 부재료 | C45: 직관(Φ50) | D45: 906 | E45: 2
A46: 오,배수 배관 | B46: GRP/FRP/PP/PE 부재료 | C46: 엘보(Φ100) | D46: 11500 | E46: 1
A47: 오,배수 배관 | B47: GRP/FRP/PP/PE 부재료 | C47: 엘보(Φ50) | D47: 2900 | E47: 2
A48: 오,배수 배관 | B48: GRP/FRP/PP/PE 부재료 | C48: 엘보(Φ35) | D48: 2500 | E48: 1
A49: 오,배수 배관 | B49: GRP/FRP/PP/PE 부재료 | C49: 직관(Φ100) | D49: 500 | E49: 1
A50: 오,배수 배관 | B50: GRP/FRP/PP/PE 부재료 | C50: PVC 접착제 | D50: 5000 | E50: 0.2
A51: 오,배수 배관 | B51: PP/PE 부재료, 레듀샤 | C51: Φ100 → Φ50 | D51: 2500 | E51: 2
A52: 오,배수 배관 | B52: 설비업체 이관 | C52: 현장별 개별 견적 | E52: 1
A53: 오,배수 배관 | B53: 오수구 소켓(내화용) | C53: Φ100, 대림용 | D53: 7000 | E53: 1
A54: 오,배수 배관 | B54: 내화채움 오수조인트(내화용) | C54: Φ100, 대림용 | D54: 7500 | E54: 1
A55: 오,배수 배관 | B55: 내화채움 배수조인트(내화용) | C55: Φ50, 대림용 | D55: 4500 | E55: 2
A56: 냉온수배관 | B56: 냉온수배관 | C56: PB 독립배관 | D56: 5000 | E56: 1
A57: 냉온수배관 | B57: 냉온수배관 | C57: PB 세대 세트 배관 | D57: 100000 | E57: 1
A58: 냉온수배관 | B58: 냉온수배관 | C58: PB+이중관(오픈수전함)(코너형) | D58: 85000 | E58: 1
A59: 냉온수배관 | B59: 냉온수배관 | C59: PB+이중관(오픈수전함)(사각형) | D59: 75000 | E59: 1
A60: 타일 | B60: 바닥타일 | C60: 바닥타일 200*200 | D60: =15000/37 -> 405.40541 | E60: 1
A61: 타일 | B61: 바닥타일 | C61: 바닥타일 300*300 | D61: =15000/16 -> 937.5 | E61: 1
A62: 천장판 | B62: GRP | C62: GRP천장판 | E62: 1
A63: 천장판 | B63: ABS | C63: ABS천장판, 현장별 견적 | E63: 1
A64: 문세트 | B64: PVC | C64: PVC 4방틀 (130 ~ 230바) | E64: 1
A65: 문세트 | B65: ABS | C65: ABS 문짝 | D65: 49500 | E65: 1
A66: 문세트 | B66: 하드웨어 | C66: 도어락 | D66: 12000 | E66: 1
A67: 문세트 | B67: 하드웨어 | C67: 경첩 | D67: 4500 | E67: 1
A68: 문세트 | B68: 하드웨어 | C68: 도어스토퍼 | D68: 1500 | E68: 1
A69: 문틀 | B69: 문틀규격 | C69: 110m/m | D69: 37500 | E69: 1
A70: 문틀 | B70: 문틀규격 | C70: 130m/m | D70: 41500 | E70: 1
A71: 문틀 | B71: 문틀규격 | C71: 140m/m | D71: 45500 | E71: 1
A72: 문틀 | B72: 문틀규격 | C72: 155m/m | D72: 49500 | E72: 1
A73: 문틀 | B73: 문틀규격 | C73: 175m/m | D73: 55500 | E73: 1
A74: 문틀 | B74: 문틀규격 | C74: 195m/m | D74: 58500 | E74: 1
A75: 문틀 | B75: 문틀규격 | C75: 210m/m | D75: 61500 | E75: 1
A76: 문틀 | B76: 문틀규격 | C76: 230m/m | D76: 66500 | E76: 1
... A109: 욕실장 | B109: 욕실장(일반형) | C109: PS장(600*900) | D109: 58500 | E109: 1
A110: 욕실장 | B110: 욕실장(슬라이딩형) | C110: 슬라이딩 욕실장, 현장별 개별 견적 | E110: 1
A111: 은경 | B111: 은경 | C111: 은경(거울) | D111: 15000 | E111: 1
A112: 액세서리 | B112: 액세서리 | C112: 수건걸이(MA1000T) | D112: 9500 | E112: 1
A113: 액세서리 | B113: 액세서리 | C113: 휴지걸이(MA1090PSF) | D113: 11000 | E113: 1
A114: 액세서리 | B114: 액세서리 | C114: 매립형 휴지걸이 | D114: 999 | E114: 1
A115: 액세서리 | B115: 액세서리 | C115: 코너선반(MA1040GF-1) | D115: 10200 | E115: 1
A116: 액세서리 | B116: 액세서리 | C116: 일자 유리선반(690*120, MA1040G-69) | D116: 11000 | E116: 1
A117: 액세서리 | B117: 액세서리 | C117: 일자 유리선반(640*120, MA1040G-69) | D117: 11000 | E117: 1
A118: 액세서리 | B118: 액세서리 | C118: 청소솔 | D118: 15000 | E118: 1
A119: 액세서리 | B119: 액세서리 | C119: 2단 수건선반 | D119: 40000 | E119: 1
A120: 액세서리 | B120: 주거약자 | C120: 매립형 휴지걸이(비상폰) | D120: 30000 | E120: 1
A121: 액세서리 | B121: 주거약자 | C121: L형 손잡이 | D121: 44000 | E121: 1
A122: 액세서리 | B122: 주거약자 | C122: ㅡ형 손잡이 | D122: 20000 | E122: 1
A123: 액세서리 | B123: 주거약자 | C123: 접의식 의자 | D123: 74000 | E123: 1
A124: 칸막이 | B124: 샤워부스 칸막이 | C124: 샤워부스, 현장별 견적 | E124: 1
A125: 칸막이 | B125: 샤워파티션 칸막이 | C125: 샤워파티션, 현장별 견적 | E125: 1
A126: 욕실등 | B126: 욕실등 | C126: 천장 매립등(사각), 현장별 개별 견적 | E126: 1
A127: 욕실등 | B127: 욕실등 | C127: 천장 매립등(원형), 현장별 개별 견적 | E127: 1
A128: 욕실등 | B128: 욕실등 | C128: 벽부등, 현장별 개별 견적 | E128: 1
A129: 욕조 | B129: 욕조 | C129: SQ욕조 | D129: 90400 | E129: 1
A130: 욕조 | B130: 욕조 | C130: 세라믹 욕조, 현장별 개별 견적 | E130: 1
A131: 환기류 | B131: 환기류 | C131: 환풍기, 현장별 개별 견적 | E131: 1
A132: 환기류 | B132: 환기류 | C132: 후렉시블 호스, 서스밴드, 현장별 개별 견적 | E132: 1
A133: 공통자재 | B133: 공통자재 | C133: 백시멘트 | D133: 10000 | E133: 1
A134: 공통자재 | B134: 공통자재 | C134: 욕실등, 콘센트 내함 | D134: 6000 | E134: 1
A135: 공통자재 | B135: 공통자재 | C135: 휴지걸이 내함 | D135: 3000 | E135: 1
A136: 공통자재 | B136: 공통자재 | C136: 실리콘(내항균성) | D136: 15000 | E136: 1
A137: 공통자재 | B137: 공통자재 | C137: 실리콘(외장용) | D137: 3000 | E137: 1
A138: 공통자재 | B138: 공통자재 | C138: 코너비드 | D138: 8000 | E138: 1
A139: 공통자재 | B139: 공통자재 | C139: 코너마감재 | D139: 1400 | E139: 1
A140: 공통자재 | B140: 공통자재 | C140: 도어실(문지방), 현장별 개별 견적 | E140: 1
A141: 공통자재 | B141: 공통자재 | C141: 젠다이상판, 현장장 개별 견적 | E141: 1
A142: 공통자재 | B142: 공통자재 | C142: 타일 평탄클립 | D142: 1000 | E142: 1
A143: 공통자재 | B143: 공통자재 | C143: 우레탄폼 | D143: 2500 | E143: 1
A144: 공통자재 | B144: 공통자재 | C144: PVC보온재 | D144: 2000 | E144: 1
A145: 공통자재 | B145: 공통자재 | C145: 바닥타일 보양 | D145: 3000 | E145: 1
A146: 공통자재 | B146: 공통자재 | C146: 바닥타일 보양테이프 | D146: 2000 | E146: 1
A147: 공통자재 | B147: 공통자재 | C147: 이면지지클립 | D147: 3000 | E147: 1
A148: 공통자재 | B148: 공통자재 | C148: 슬리브 방수액, 현장별 개별 견적 | D148: 5000 | E148: 1
A149: 공통자재 | B149: 공통자재 | C149: 재료분리대(SUS) | D149: 8000 | E149: 1
A150: 공통자재 | B150: PE/PP | C150: 슬리브용 몰탈막음 스폰지 | D150: 3000 | E150: 1

Sheet 벽판
A1: variable | B1: value
A2: 프레임단가_15각 | B2: 1440
A3: 프레임단가_16각 | B3: 1485
A4: 프레임단가_19각 | B4: 1798
A5: P_U단가_15각 | B5: 3162
A6: P_U단가_16각 | B6: 3341
A7: P_U단가_19각 | B7: 3930
A8: 조립클립단가 | B8: 4320
A9: 설비감가비 | B9: 830
A10: 제조경비_판넬당 | B10: 434.60925
A11: 타일관리비_단가 | B11: 60
A12: 출고_렉입고_단가 | B12: 3730
A13: 생산인건비_일단가 | B13: 256000 | J13: 269000
A14: 프레임_LOSS_배수 | B14: 1.02
A15: 벽체높이_기본_m | B15: 2.2 | J15: 2.3
A16: 기준생산량_1_5이하 | B16: 325
A17: 기준생산량_1_51_1_89 | B17: 300
A18: 기준생산량_1_9이상 | B18: 275
A19: 시급_1_5이하 | B19: 8000
A20: 시급_1_51_1_89 | B20: 9000
A21: 시급_1_9이상 | B21: 10000
A22: 도어폭_0_7m | B22: 0.7
A23: 도어폭_0_8m | B23: 0.8

Sheet PVE
A1: PVE 욕실 유형 | B1: 원재료비 | C1: 가공비
A2: 일반형 | B2: 12000 | C2: 24331
A3: 욕실선반형 | B3: 12000 | C3: 31159

Sheet 접착제
A1: 바닥타일 면적 | B1: 접착제 단가
A2: ㎡ | B2: 2146

Sheet 데이터 설명
A1: Sungil DB는 바닥판 원가, 천장판 원가 등을 담은 8개의 sheet로 구성되어 있음.
A2: 바닥판단가 (바닥판 단가 “기준표/룩업 테이블”)
A3: 주요 컬럼: 소재, 구조, 형태, 욕실공간, 폭, 길이, 단가, 비고
A4: 용도: 코드에서 보통 **(소재/구조/형태/공간/폭/길이)**로 매칭해서 단가를 가져옮.
A5: 바닥판 단가
A6: 컬럼 | B6: 타입 | C6: 단위 | D6: 예시 | E6: 설명
A7: 소재 | B7: string | C7: - | D7: GRP | E7: 바닥판 소재 구분(GRP/FRP). PVE는 GRP/FRP가 아닌 경우에 선택하게 됨
A8: 구조 | B8: string | C8: - | D8: 기본형 | E8: 제품 구조/배수/일체형 구분
A9: 형태 | B9: string | C9: - | D9: 코너형 | E9: 욕실 형태(코너/사각/욕조 등)
A10: 욕실공간 | B10: string | C10: - | D10: 세면부 | E10: 적용 구간(세면/샤워/단차없음/샤워형/욕조형 등)
A11: 폭 | B11: int | C11: mm | D11: 1300 | E11: 바닥판 폭
A12: 길이 | B12: int | C12: mm | D12: 1500 | E12: 바닥판 길이
A13: 단가 | B13: int | C13: KRW | D13: 51610 | E13: 단가(원).
A15: 바닥판 (욕실 규격별 “조합 완성 단가표”)
A16: 특징: 소재는 GRP/FRP, 유형은 기본형/중앙배수/일체형/타일일체형, 형태는 사각형/코너형, 용도는 샤워형/욕조형, 경계는 구분/구분없음 값이 있음
A17: 바닥판단가를 바탕으로, 욕실 입력조건(욕실폭/길이, 세면부·샤워부 폭·길이 등)에 따라 세면부 단가 + 샤워부 단가 = 소계가 계산되어 정리된 표
A18: 바닥판
A19: 컬럼 | B19: 타입 | C19: 단위 | D19: 허용값/예시 | E19: 설명
A20: 소재 | B20: string | C20: - | D20: GRP, FRP | E20: 바닥판 소재
A21: 유형 | B21: string | C21: - | D21: 기본형, 중앙배수, 일체형, 타일일체형 | E21: 구조/제품 타입
A22: 형태 | B22: string | C22: - | D22: 코너형, 사각형 | E22: 욕실 형태
A23: 용도 | B23: string | C23: - | D23: 샤워형, 욕조형 | E23: 욕실 용도 구분
A24: 경계 | B24: string | C24: - | D24: 구분, 구분없음 | E24: 세면/샤워 구분 여부
A25: 욕실폭 | B25: int | C25: mm | D25: 1300 | E25: 전체 욕실 폭
A26: 욕실길이 | B26: int | C26: mm | D26: 1900 | E26: 전체 욕실 길이
A27: 세면부폭 | B27: int/NaN | C27: mm | D27: 1300 또는 NaN | E27: 경계=구분일 때만 채움, NaN은 결측치
A28: 세면부길이 | B28: int/NaN | C28: mm | D28: 1400 또는 NaN | E28: 경계=구분일 때만 채움
A29: 샤워부폭 | B29: int/NaN | C29: mm | D29: 900 또는 NaN | E29: 경계=구분일 때만 채움
A30: 샤워부길이 | B30: int/NaN | C30: mm | D30: 700 또는 NaN | E30: 경계=구분일 때만 채움
A31: 세면부바닥판 단가 | B31: int/NaN | C31: KRW | D31: 51610 또는 NaN | E31: 세면부 바닥판 단가(원)
A32: 샤워부바닥판 단가 | B32: int/NaN | C32: KRW | D32: 20666 또는 NaN | E32: 샤워부 바닥판 단가(원)
A33: 소계 | B33: int | C33: KRW | D33: 72276 | E33: 최종 합계 단가(원)
A35: 바닥판 소재가 PVE로 결정될 때 쓰는 PVE 전용 비용
A36: PVE
A37: 컬럼명 | B37: 타입 | C37: 단위 | D37: 예시 | E37: 설명
A38: PVE 욕실 유형 | B38: string | C38: - | D38: 일반형 | E38: PVE 욕실유형은 일반형과 욕실선반형 2가지가 있음
A39: 원재료비 | B39: int | C39: KRW | D39: 12000 | E39: ㎡당 12,000원
A40: 가공비 | B40: int | C40: KRW | D40: 1000 | E40: 일반형 24,331원, 욕실선반형 31,159원
A42: 천장판 (천장판 카탈로그: 바디/사이드/점검구)
A43: 용도: 천장판 조합/매칭(바디판넬, 사이드판넬, 점검구) 선택 시 가격 산정의 기준 데이터.
A44: 천장판
A45: 컬럼명 | B45: 타입 | C45: 단위 | D45: 예시 | E45: 설명
A46: 판넬/점검구 | B46: string | C46: - | D46: 바디판넬 | E46: 품목(카테고리) 구분(바디판넬/사이드판넬/점검구)
A47: 품명 | B47: string | C47: - | D47: SI-2 | E47: 카탈로그 품번/규격 코드(예: SI-2, 900a, 1100 등)
A48: 폭 | B48: int | C48: mm | D48: 2000 | E48: 폭(가로) 치수
A49: 길이 | B49: int | C49: mm | D49: 1300 | E49: 길이(세로) 치수
A50: 소계 | B50: int | C50: KRW | D50: 24877 | E50: 품목 1개 기준 단가(원). 쉼표/공백이 있으면 제거 후 정수 변환 권장
A52: 천장판타공
A53: 천장판에서 홀 가공(환풍기홀/등/직선컷 등) 추가비용을 위한 단가표
A54: 예: 환풍기홀 4,000원, 사각매립등 4,000원, 원형등 2,000원, 직선1회 1,500원
A56: 벽판 원가 계산에 쓰는 **고정 상수(단가/기준 생산량/시급/LOSS 등)**가 variable-value 형태
A57: 벽판
A58: 컬럼명 | B58: 타입 | C58: 단위 | D58: 예시 | E58: 설명
A59: variable | B59: string | C59: - | D59: 프레임단가_15각 | E59: 상수 이름(키). 코드에서 이 문자열로 값을 조회함
A60: value | B60: number | C60: (변수별 상이) | D60: 1440 | E60: 상수 값. 단위는 변수 의미에 따라 다르며, 가능하면 별도 unit 컬럼 추가 권장
A62: 자재단가내역
A63: 욕실 구성품 전반(바닥판/벽판/타일/문틀/도기류/수전/공통자재 등)의 자재 단가와 기본 수량 목록
A64: 컬럼: 품목, 분류, 사양 및 규격, 단가, 수량
A65: 용도: “기본 자재비”를 합산하거나, 옵션 선택에 따라 품목을 추가/제외하는 BOM 기반 계산에 사용.
